{"cameraMode":{"drawMode":2,"name":"Shaded Wireframe","section":"Shading Mode"},"sceneLighting":false,"audioPlay":false,"sceneViewState":{"showFog":true,"showMaterialUpdate":false,"showSkybox":false,"showFlares":true,"showImageEffects":true,"showParticleSystems":true},"in2DMode":false,"pivot":{"x":66.19542694091797,"y":89.07537078857422,"z":-28.018030166625978},"rotation":{"x":0.0010221098782494665,"y":0.9951961040496826,"z":-0.09734027832746506,"w":0.01044994406402111},"size":3.280242681503296,"orthographic":false}